{
  "MH_OR": 1.5822562795861395,
  "NcircTierAp": 11,
  "NcircTotal": 90,
  "NconfTests": 38,
  "NevoAp": 14,
  "NevoTotal": 132,
  "NevoValidAp": 14,
  "NevoValidRejected": 16,
  "NevoValidTotal": 116,
  "NsurviveBonfAll": 6,
  "NsurviveFDR": 24,
  "NtotalTests": 43,
  "ZcochranFive": -1.655459446712886,
  "ZcochranThree": -1.664030988832234,
  "anchorSweepGeApPct": 3.102777777777778,
  "anchorSweepPctile": 98.33611111111111,
  "blockBootZ_p": 0.016254410857780253,
  "circEnrichAp": 3.0555555555555554,
  "clusterApBinom": 0.010299360763730838,
  "clusterHarmonicMWp": 4.5924610081443764e-06,
  "clusterMWp": 0.01819723186812683,
  "clusterPermP": 0.0033,
  "clusterPermZ": 2.8206,
  "corridorAppOR": 20.727272727272727,
  "foundKwFisherOR": 2.035471967622902,
  "pBudA": 0.12555601530933577,
  "pBudAp": 0.5298595487539195,
  "pCMH": 0.11007637892779465,
  "pCanon": 0.0232329626923424,
  "pChrist": 0.031240217469093678,
  "pCircA": 0.004252654271740452,
  "pCircA_validated": 0.009760139737216622,
  "pCircAp": 0.0009454340055166366,
  "pCircAp_validated": 0.00047337719130747613,
  "pCircChi": 0.07322102708000634,
  "pCochranFive": 0.04891566800053182,
  "pCochranThree": 0.04805311837511799,
  "pCorridorAppFisher": 0.0021650466933485803,
  "pCorridorBinom": 1.7179869184000006e-24,
  "pCorridorFisher": 1.4926327181271034e-19,
  "pCorridorMW": 0.016148864309879035,
  "pEvoA": 0.0017315124156252386,
  "pEvoA_validated": 0.0032263807097485404,
  "pEvoAp": 0.0008718895538977424,
  "pEvoAp_validated": 0.0002333989611449811,
  "pEvoDome": 0.010204411176077064,
  "pEvoMound": 0.3011967669848366,
  "pEvoStupa": 0.004989608037704205,
  "pFirstHalf": 0.00458116530370724,
  "pFisherCanonModern": 0.08444215836767273,
  "pFoundDateSpearman": 0.9406527759420417,
  "pFoundKwFisher": 0.008669159767368317,
  "pHalfFisher": 0.10639942932701046,
  "pModern": 0.3080927852059903,
  "pNeffHalf": 0.02021256443990782,
  "pNeffQuarter": 0.025231711483660487,
  "pPreCEbinom": 0.25765344547145935,
  "pPreCEfisher": 0.6965365446227723,
  "pPreTwoK": 0.004071783887577629,
  "pReligUnion": 0.03693789018902861,
  "pSecondHalf": 0.29519848209917754,
  "peakSigP": 0.0002592600935397365,
  "simCanonPermP": 0.12679,
  "simDomeBootP": 0.00565,
  "simDomePermP": 0.00416,
  "simKDEP": 0.01099,
  "simPostTwoKPermP": 0.94372,
  "simPreTwoKPermP": 0.09442
}
