{
  "LOOdomeAp": 10,
  "LOOdomeEnrich": 2.81,
  "LOOdomeN": 89,
  "LOOdomeP": 0.003,
  "LOOdomeRate": 11.2,
  "LOOstupaAp": 3,
  "LOOstupaN": 17,
  "LOOstupaP": 0.0286,
  "LOOstupaRate": 17.6,
  "MH_OR": 1.5822562795861395,
  "NcircApRate": 12.2,
  "NcircTierAp": 11,
  "NcircTotal": 90,
  "NcohortRawA": 138,
  "NcohortRawAap": 11,
  "NcohortRawB": 141,
  "NcohortRawBap": 8,
  "NcohortRawC": 222,
  "NcohortRawCap": 14,
  "NcohortRawD": 211,
  "NcohortRawDap": 11,
  "NcohortRawE": 299,
  "NcohortRawEap": 12,
  "NevoAp": 14,
  "NevoTotal": 132,
  "NevoValidAp": 14,
  "NevoValidRejected": 16,
  "NevoValidTotal": 116,
  "ZcochranFive": -1.655459446712886,
  "ZcochranThree": -1.664030988832234,
  "anchorShiftApCount": 56,
  "anchorShiftNullMu": 40.3558,
  "anchorShiftPermP": 0.0286,
  "anchorShiftZ": 2.2348787270933568,
  "anchorSweepGeApPct": 3.102777777777778,
  "anchorSweepPctile": 98.33611111111111,
  "blockBootZ_p": 0.016254410857780253,
  "blockFiveRate": 8.0,
  "blockOneRate": 9.0,
  "blockThreeRate": 11.0,
  "canonPostCEN": 53,
  "canonPostCEap": 8,
  "canonPostCErate": 15.1,
  "circEnrichAp": 3.0555555555555554,
  "clusterApBinom": 0.010299360763730838,
  "clusterHarmonicMWp": 4.5924610081443764e-06,
  "clusterMWp": 0.01819723186812683,
  "clusterPermP": 0.0033,
  "clusterPermZ": 2.8206,
  "cohortRawArate": 8.0,
  "cohortRawBrate": 5.7,
  "cohortRawCrate": 6.3,
  "cohortRawDrate": 5.2,
  "cohortRawErate": 4.0,
  "corridorAppOR": 20.727272727272727,
  "earlyModernAp": 10,
  "earlyModernN": 126,
  "earlyModernRate": 7.9,
  "evoDomeApRate": 11.8,
  "evoDomeN": 68,
  "evoMoundApRate": 8.3,
  "evoMoundN": 36,
  "evoStupaApRate": 22.2,
  "evoStupaN": 18,
  "firstSigN": 103,
  "firstSigRate": 8.7,
  "firstSigYear": 1982,
  "foundKwFisherOR": 2.035471967622902,
  "fullRayleighPermP": 0.3715,
  "fullRayleighR": 0.022377786662223197,
  "fullRayleighZ": 1.0611229022008093,
  "pBlockFive": 0.04751205072594306,
  "pBlockOne": 0.01899192131130143,
  "pBlockThree": 0.002238545907469108,
  "pBudA": 0.12555601530933577,
  "pBudAp": 0.5298595487539195,
  "pCMH": 0.11007637892779465,
  "pCanon": 0.0232329626923424,
  "pCanonPostCE": 0.0011601189257157353,
  "pChrist": 0.031240217469093678,
  "pCircA": 0.004252654271740452,
  "pCircA_validated": 0.009760139737216622,
  "pCircAp": 0.0009454340055166366,
  "pCircAp_validated": 0.00047337719130747613,
  "pCircChi": 0.07322102708000634,
  "pCochranFive": 0.04891566800053182,
  "pCochranThree": 0.04805311837511799,
  "pCorridorAppFisher": 0.0021650466933485803,
  "pCorridorBinom": 1.7179869184000006e-24,
  "pCorridorFisher": 1.4926327181271034e-19,
  "pCorridorMW": 0.016148864309879035,
  "pEarlyModern": 0.030325492393804585,
  "pEvoA": 0.0017315124156252386,
  "pEvoA_validated": 0.0032263807097485404,
  "pEvoAp": 0.0008718895538977424,
  "pEvoAp_validated": 0.0002333989611449811,
  "pEvoDome": 0.005708797964599786,
  "pEvoMound": 0.17336792751367341,
  "pEvoStupa": 0.004989608037704205,
  "pFirstHalf": 0.00458116530370724,
  "pFisherCanonModern": 0.08444215836767273,
  "pFoundDateSpearman": 0.9406527759420417,
  "pFoundKwFisher": 0.008669159767368317,
  "pHalfFisher": 0.10639942932701046,
  "pModern": 0.3080927852059903,
  "pNeffHalf": 0.02021256443990782,
  "pNeffQuarter": 0.025231711483660487,
  "pPreCEbinom": 0.25765344547145935,
  "pPreCEfisher": 0.6965365446227723,
  "pPreTwoK": 0.004071783887577629,
  "pReligUnion": 0.03693789018902861,
  "pSecondHalf": 0.29519848209917754,
  "peakSigP": 0.0002592600935397365,
  "rayleighPermP": 0.0,
  "rayleighR": 0.9972316770149797,
  "rayleighZ": 14.568402277415643,
  "stratNconcordant": 4,
  "stratNregions": 5,
  "stratNsig": 0
}
